<?xml version="1.0" encoding="UTF-8"?>
<!DOCTYPE fontscolors PUBLIC "-//NetBeans//DTD Editor Fonts and Colors settings 1.1//EN" "http://www.netbeans.org/dtds/EditorFontsColors-1_1.dtd">
<fontscolors>
    <fontcolor foreColor="ff666666" name="code-folding"/>
    <fontcolor foreColor="white" name="caret-color-insert-mode"/>
    <fontcolor foreColor="black" name="block-search"/>
    <fontcolor foreColor="darkGray" name="text-limit-line-color"/>
    <fontcolor bgColor="lightGray" foreColor="black" name="nbeditor-bracesMatching-match-multichar"/>
    <fontcolor bgColor="ff333333" foreColor="ff999999" name="line-number"/>
    <fontcolor bgColor="cyan" foreColor="darkGray" name="hyperlinks" underline="blue"/>
    <fontcolor bgColor="ff323232" name="highlight-caret-row"/>
    <fontcolor foreColor="red" name="status-bar-bold"/>
    <fontcolor foreColor="white" name="caret-color-overwrite-mode"/>
    <fontcolor bgColor="ffb0c5e3" foreColor="black" name="selection"/>
    <fontcolor name="status-bar"/>
    <fontcolor bgColor="orange" foreColor="black" name="inc-search"/>
    <fontcolor foreColor="ffcc0099" name="synchronized-text-blocks-ext"/>
    <fontcolor foreColor="ff666666" name="code-folding-bar"/>
    <fontcolor bgColor="lightGray" foreColor="black" name="highlight-search"/>
    <fontcolor bgColor="ffd83636" name="nbeditor-bracesMatching-mismatch-multichar"/>
    <fontcolor foreColor="ff996600" name="synchronized-text-blocks-ext-slave"/>
    <fontcolor bgColor="darkGray" name="guarded"/>
    <fontcolor bgColor="lightGray" foreColor="black" name="nbeditor-bracesMatching-match"/>
    <fontcolor bgColor="ffd83636" name="nbeditor-bracesMatching-mismatch"/>
</fontscolors>
