<?xml version="1.0" encoding="UTF-8"?>
<!DOCTYPE fontscolors PUBLIC "-//NetBeans//DTD Editor Fonts and Colors settings 1.1//EN" "http://www.netbeans.org/dtds/EditorFontsColors-1_1.dtd">
<fontscolors>
    <fontcolor foreColor="white" name="PHP_VARIABLE"/>
    <fontcolor foreColor="white" name="mod-method">
        <font style="bold"/>
    </fontcolor>
    <fontcolor default="constant" foreColor="white" name="constant">
        <font style="italic"/>
    </fontcolor>
    <fontcolor default="keyword" foreColor="fffa8c2c" name="keyword"/>
    <fontcolor foreColor="ff00d8fd" name="mod-static">
        <font style="italic"/>
    </fontcolor>
    <fontcolor default="identifier" name="PHP_STRING"/>
    <fontcolor default="operator" foreColor="white" name="operator"/>
    <fontcolor foreColor="cyan" name="T_INLINE_HTML"/>
    <fontcolor name="mod-unused" waveUnderlined="ff999999"/>
    <fontcolor bgColor="ffeceba3" foreColor="darkGray" name="mark-occurrences"/>
    <fontcolor default="string" foreColor="ff84fb09" name="string"/>
    <fontcolor default="field" foreColor="fff6b04b" name="mod-field"/>
    <fontcolor foreColor="cyan" name="heredocdelimiter"/>
    <fontcolor default="comment" foreColor="ffb741a5" name="comment"/>
    <fontcolor default="comment" name="phpdockeyword" underline="ffb936a0">
        <font style="bold"/>
    </fontcolor>
    <fontcolor default="identifier" foreColor="ffffbe4e" name="identifier"/>
    <fontcolor default="separator" name="separator"/>
    <fontcolor name="phpopenclose">
        <font style="bold"/>
    </fontcolor>
    <fontcolor foreColor="black" name="PHP_CONTENT"/>
</fontscolors>
